{
  "cohen_d_mean": 0.5861487777522912,
  "ci_lower": 0.48989528198372473,
  "ci_upper": 0.6848603408984049,
  "n_ag": 746,
  "n_ctrl": 1043,
  "ag_cut": 50,
  "outcome": "nihss"
}